{
    "t5-large": {
        "rouge-1": 0.6192341939977082,
        "rouge-2": 0.5199122286931268,
        "rouge-l": 0.6171499902363436,
        "bertscore_precision": 0.9414065480232239,
        "bertscore_recall": 0.9439255595207214,
        "bertscore_f1": 0.9424511194229126
    }
}